[
	{
		"inputs": [
			{
				"internalType": "address payable",
				"name": "receiver",
				"type": "address"
			},
			{
				"internalType": "uint256",
				"name": "amount",
				"type": "uint256"
			},
			{
				"internalType": "uint256",
				"name": "account",
				"type": "uint256"
			},
			{
				"internalType": "string",
				"name": "country",
				"type": "string"
			},
			{
				"internalType": "string",
				"name": "currency",
				"type": "string"
			}
		],
		"name": "addToBlockchain",
		"outputs": [],
		"stateMutability": "nonpayable",
		"type": "function"
	},
	{
		"inputs": [
			{
				"internalType": "address",
				"name": "tokenAddress",
				"type": "address"
			}
		],
		"stateMutability": "nonpayable",
		"type": "constructor"
	},
	{
		"anonymous": false,
		"inputs": [
			{
				"indexed": false,
				"internalType": "address",
				"name": "from",
				"type": "address"
			},
			{
				"indexed": false,
				"internalType": "address",
				"name": "receiver",
				"type": "address"
			},
			{
				"indexed": false,
				"internalType": "uint256",
				"name": "amount",
				"type": "uint256"
			},
			{
				"indexed": false,
				"internalType": "uint256",
				"name": "account",
				"type": "uint256"
			},
			{
				"indexed": false,
				"internalType": "string",
				"name": "country",
				"type": "string"
			},
			{
				"indexed": false,
				"internalType": "uint256",
				"name": "timestamp",
				"type": "uint256"
			},
			{
				"indexed": false,
				"internalType": "string",
				"name": "currency",
				"type": "string"
			}
		],
		"name": "Transfer",
		"type": "event"
	},
	{
		"inputs": [],
		"name": "getAllTransactions",
		"outputs": [
			{
				"components": [
					{
						"internalType": "address",
						"name": "sender",
						"type": "address"
					},
					{
						"internalType": "address",
						"name": "receiver",
						"type": "address"
					},
					{
						"internalType": "uint256",
						"name": "amount",
						"type": "uint256"
					},
					{
						"internalType": "uint256",
						"name": "account",
						"type": "uint256"
					},
					{
						"internalType": "string",
						"name": "country",
						"type": "string"
					},
					{
						"internalType": "uint256",
						"name": "timestamp",
						"type": "uint256"
					},
					{
						"internalType": "string",
						"name": "currency",
						"type": "string"
					}
				],
				"internalType": "struct Transactions.TransferStruct[]",
				"name": "",
				"type": "tuple[]"
			}
		],
		"stateMutability": "view",
		"type": "function"
	},
	{
		"inputs": [],
		"name": "getTransactionCount",
		"outputs": [
			{
				"internalType": "uint256",
				"name": "",
				"type": "uint256"
			}
		],
		"stateMutability": "view",
		"type": "function"
	},
	{
		"inputs": [],
		"name": "uzar",
		"outputs": [
			{
				"internalType": "contract IERC20",
				"name": "",
				"type": "address"
			}
		],
		"stateMutability": "view",
		"type": "function"
	}
]